{
  "user": "10",
  "clip": "6",
  "n_raw_samples": 296,
  "raw_start_s": 0.243,
  "raw_end_s": 29.991,
  "video_length_s": 30.033333,
  "raw_dt_stats_ms": {
    "dt_mean": 100.8406779661017,
    "dt_std": 2.157770243032825,
    "dt_min": 99.00000000000003,
    "dt_max": 125.0,
    "n_intervals": 295,
    "n_out_of_tolerance": 7,
    "tolerance": 5.0
  },
  "raw_pitch_deg": {
    "min": -39.0,
    "max": 24.0,
    "mean": -11.675675675675675,
    "std": 18.32134931602142
  },
  "raw_yaw_deg": {
    "min": -179.0,
    "max": 180.0,
    "mean": -22.12837837837838,
    "std": 128.59772708288378
  },
  "raw_roll_deg": {
    "min": -8.0,
    "max": 10.0,
    "mean": 2.8716216216216215,
    "std": 3.3576866340540894
  },
  "norm_pitch_rad": {
    "min": -0.6806784082777885,
    "max": 0.4188790204786391,
    "mean": -0.20377898293555416,
    "std": 0.31976786897258486
  },
  "norm_yaw_rad": {
    "min": -3.141592653589793,
    "max": 3.12413936106985,
    "mean": -0.42866701560806675,
    "std": 2.236733722594806
  },
  "norm_roll_rad": {
    "min": -0.13962634015954636,
    "max": 0.17453292519943295,
    "mean": 0.05011925216875609,
    "std": 0.05860268701444981
  },
  "hz60_dt_stats_s": {
    "dt_mean": 0.016666666666666666,
    "dt_std": 1.1702383850049323e-15,
    "dt_min": 0.01666666666666572,
    "dt_max": 0.016666666666669272,
    "n_intervals": 1801,
    "n_out_of_tolerance": 0,
    "tolerance": 0.0001
  },
  "missing_data_stats": {
    "median_dt_ms": 100.99999999999909,
    "gap_factor": 2.0,
    "n_intervals": 295,
    "n_gaps": 0,
    "missing_fraction": 0.0
  }
}